<?xml version="1.0" encoding="UTF-8"?>
<!DOCTYPE suite SYSTEM "https://testng.org/testng-1.0.dtd">

<suite name="suite01">
<!-- <suite name="suite01" thread-count='5' parallel='tests'> -->
	
	<listeners>
  		<listener class-name="utility.ExtentReportManager" />
  	</listeners>
	
	
	<test name="test01" preserve-order="true">
		<parameter name="os" value="Windows 11"></parameter>
		<parameter name="browser" value="chrome"></parameter>
		
		<classes>
			<class name="TestData.TC_01_WorldClock"/> 
			<class name="TestData.TC_02_AppsValidation"/>  
		</classes>
	</test>
	
	<!-- <test name="test02">
		<parameter name="os" value="Windows 11"></parameter>
		<parameter name="browser" value="edge"></parameter>
		<classes>
			<class name="TestData.WorldClock"></class>
			<class name="TestData.AppsValidation"/>
		</classes>
	</test> -->

</suite>